My Campaign ID	DWID	LastName	FirstName	MiddleName	Suffix	Salutation	mAddress	mCity	mState	mZip5	mZip4	Email100210606		Bruce	Stephen			Stephen		Rockville	MD			100210624		Furnkranz	Christina			Christina		Riverdale	MD			100210633		Gilbert	Lynn			Lynn		Riverdale	MD			100210666		Gander	Todd			Todd	3710 Washington St 	Kensington	MD	20895	3443	100212020		Taylor	Josh			Josh	9223 Long Branch Pkwy 	Silver Spring	MD	20901	3642	100212016		Rios	Michelle			Michelle	1244 Jackson St NE 	Washington	DC	20017	4017	100212032		Greenberg	Barbara			Barbara	102 Fallsgrove Blvd 	Rockville	MD	20850	4713	100212056		Sher	Ted			Ted		Burtonsville	MD			100212041		Hoover	Stephanie			Stephanie		Rockville	MD	20850		100212042		Brownstein	Nancy			Nancy	302 Prettyman Dr 	Rockville	MD	20850	4727	100212036		Morris	Laura			Laura	5823 Magic Mountain Dr 	Rockville	MD	20852	3231	100212034		Belete	Aster			Aster	221 Finale Ter 	Silver Spring	MD	20901	5039	100212076		Benfield	Anna			Anna		Takoma Park	MD			100212078		Krieg	David			David	11617 Everglade Ct 	North Potomac	MD	20878	2590	100212088		Ludwig	Zachary			Zachary	5617 Madison St 	Bethesda	MD	20817	3727	100212092		Shah	Vasu			Vasu	614 Pheasant St 	Gaithersburg	MD	20878	3201100212093		Colton	Beth			Beth		Gaithersburg	MD		100212103		Wilkerson	Maureen			Maureen	5214 Acacia Ave 	Bethesda	MD	20814	2823100212113		Boyd	Elizabeth			Elizabeth	223 Finale Ter 	Silver Spring	MD	20901	5039100212114		Gubo	Dansa			Dansa	223 Finale Ter 	Silver Spring	MD	20901	5039100212115		Bell	Gale			Gale	200 Finale Ter 	Silver Spring	MD	20901	5038100212099		Gibson	Merriyllyn			Merriyllyn	8811 Woodland Dr 	Silver Spring	MD	20910	2708100212100		Gibson	Dean			Dean	8811 Woodland Dr 	Silver Spring	MD	20910	2708100212122		Seibert	Vin			Vin		Chevy Chase	MD		100212135		Rosenthal	Jason			Jason		Rockville	MD		100212143			Gregory			Gregory	506 Casey Ln 	Rockville	MD	20850	7734100212144		Miller	Linda			Linda	5819 Magic Mountain Dr 	Rockville	MD	20852	3231100212156		Schoeberl	Mark			Mark	2449 Parallel Ln 	Silver Spring	MD	20904	5450100212128		Hartigan	Michael			Michael	4702 Hunt Ave 	Chevy Chase	MD	20815	5423100212167		Kelleher	Mike			Mike	4540 Windsor Ln 	Bethesda	MD	20814	4725100212171		Scott	Sally			Sally	5816 Magic Mountain Dr 	Rockville	MD	20852	3231100212133		Woldeselassie	W.			W.	205 Finale Ter 	Silver Spring	MD	20901	5039100212179		Duncan	Gary			Gary	1066 Prospect Blvd 	Waterloo	IA	50701	4930100212184		Rowell	Juanita			Juanita	8830 Commanche Trl 	La Porte City	IA	50651	2103100212185		Caughron	Mary			Mary	154 Morgan Rd 	Waterloo	IA	50702	5023100212189		Lamb	Dan			Dan	1685 260th St 	Janesville	IA	50647	9754100212181		Nguyen	Renee			Renee	2537 Orchard St 	Waterloo	IA	50702	5136100212182		Nyuyen	Hien			Hien	2537 Orchard St 	Waterloo	IA	50702	5136100212197		Eden	Debra			Debra		Iowa City	IA	52242	100212199		Harris	Shirley			Shirley		Iowa City	IA	52245	100212200		Koshatka	Beverly			Beverly		Iowa City	IA	52245	100212205		Evans	Ed			Ed		Iowa City	IA	52242	100212206		Ellsworth	Melva			Melva		Iowa City	IA	52245	100212207		Stoner	Judy			Judy		Iowa City	IA	52242	100212208		Nussbaum	Fran			Fran		Iowa City	IA	52245	100212210		Lehman	Deann			Deann		Iowa City	IA	52242	100212211		Lancial	Lynette			Lynette		Iowa City	IA	52242	100212238		De Ruiter	Lois			Lois		Robins	IA	52401	100212214		Pennell	Kim			Kim	12434 Carr Rd 	La Porte City	IA	50651	9468100212215		Bruce	Cindy			Cindy	324 6th St 	La Porte City	IA	50651	1603100212216		Bruce	Mike			Mike	325 6th St 	La Porte City	IA	50651	100212203		Kunce	Barbara			Barbara		Iowa City	IA	52245	100212222		Adams	Marcia			Marcia		Iowa City	IA	52245	100212225		Johnston	Pat			Pat		Iowa City	IA	52245	100212226		Morris	Barbara			Barbara		Iowa City	IA	52242	100212228		Mayberry	Barb			Barb		Iowa City	IA	52242	100212316		Carlin	Hildegard			Hildegard		Baltimore	MD		100212230		Parizek	Lavonne			Lavonne		Iowa City	IA	52242	100212231		Kaltefleiter	Margaret			Margaret		Iowa City	IA	52242	100212232		Hennings	Mitch			Mitch	3620 12th Ave SW 	Cedar Rapids	IA	52404	1354100212233		Hennings	Matt			Matt	1717 12th Ave SW 	Cedar Rapids	IA	52404	1721100212342		Ross	Joe			Joe	1401 Union Ave 	Baltimore	MD	21211	1906100212353		Brown	Monroe			Monroe	5846 Pimlico Rd 	Baltimore	MD	21209	4203100212371		Pfaff	Betty			Betty	919 Rambling Dr 	Catonsville	MD	21228	5315100212235		Weems	Matt			Matt		Cedar Rapids	IA	52328	100212236		Weems	Susie			Susie		Cedar Rapids	IA	52328	100212347		Greenblatt	Shirly			Shirly	3810 Cassandra Rd 	Randallstown	MD	21133	3324100212348		Greenblatt	Elliott			Elliott	3810 Cassandra Rd 	Randallstown	MD	21133	3324100212361		Titus	Timothy			Timothy		Columbia	MD		100212366		Olver	Terrence			Terrence	Rambling Dr 	Cantonsville	MD	21228	100212367		Siborski	Walt			Walt	915 Rambling Dr 	Catonsville	MD	21228	5315100212368		Siborski	Pat			Pat	915 Rambling Dr 	Catonsville	MD	21228	5315100212396		Kyriacou	Nick			Nick	128 Great Lake Dr 	Annapolis	MD	21403	3728100212404		Seydoux	G.			G.	5000 Boxhill Ln 	Baltimore	MD	21210	2018100212426		Diehl	Tom			Tom		Clive	IA	50325	100212400		Bilheimer	Joel			Joel	1701 Sanford Rd 	Silver Spring	MD	20902	3934100212439		Gibson	Lyn			Lyn		West Des Moines	IA	50265	100212448		Tayner	Ian			Ian		Johnston	IA		100212350		Cogswell	Angela			Angela	8401 Beryl Rd 	Parkville	MD	21234	4507100212445		McDonald	Sharon			Sharon		West Des Moines	IA	50265	100212458			Russ			Russ		Clive	IA	50325	100212467		Bierbaum	Lindsay			Lindsay	4115 NE Hillcrest Ct 	Ankeny	IA	50021	4924100212483		Crow	Caitlin			Caitlin		Des Moines	IA	50321	100212502		Dawson	Tom			Tom		Ames	IA		100212464		Hendrickson	Dan			Dan		Des Moines	IA		100212511		Mueller	Jane			Jane	800 N 7th St 	Bellevue	IA	52031	9321100212514		Daugherty	Betty			Betty		Bellevue	IA	52031	100212516		Iosbaker	Bill			Bill		Bellevue	IA	52031	100212519		Mueller	Chuck			Chuck		Bellevue	IA	52031	100212543		Snyders	Natalie			Natalie		Des Moines	IA	50311	100212547		Criggen	Michelle			Michelle	78 Amanda Dr 	Littlestown	PA	17340	9226100212548		Criggen	Matt			Matt	78 Amanda Dr 	Littlestown	PA	17340	9226100212561		Newcomer	David			David	5431 Weywood Dr 	Reisterstown	MD	21136	4501100212562		Harmon	Marlene			Marlene	5429 Weywood Dr 	Reisterstown	MD	21136	4501100212568		Hilsenrath	Ernest			Ernest		Columbia	MD		100212566		Blundell	Jon			Jon		Takoma Park	MD		100212572			John			John		Silver Spring	MD		100212573			Nelson			Nelson		Silver Spring	MD		100212575			Sandy			Sandy		Washington	DC		100212577		Osias	David			David	8050 Glendale Rd 	Chevy Chase	MD	20815	5901100212578		Allison	Adrienne			Adrienne		Chevy Chase	MD		100212580		Vdello	Zelda			Zelda	5630 Wisconsin Ave 	Chevy Chase	MD	20815	4450100212581		Vdello	Israel			Israel	5630 Wisconsin Ave 	Chevy Chase	MD	20815	4450100212582			Judy			Judy		Silver Spring	MD		100212583		Hortz	Joy			Joy		Silver Spring	MD		100212584		Yarmohammadi	Azar			Azar	312 Prettyman Dr 	Rockville	MD	20850	4722100212585		Futerman	Sima			Sima		Rockville	MD	20850	100212586		Pritzllor	Sandy			Sandy		Washington	DC		100212590			Kristina			Kristina		Bethesda	MD		100212591		Beares	Paul			Paul		Baltimore	MD		100212594		Williams	Lynda			Lynda	7112 Edgevale St 	Chevy Chase	MD	20815	5906100212599		Schwartz	Uri			Uri		Gaithersburg	MD			100222502		Hinkle	Betty			Betty						100212596		Bass	Jamie			Jamie	801 Still Creek Ln 	Gaithersburg	MD	20878	3218	100212607			Dan			Dan		Des Moines	IA	50321		100212611		Lancial	Bill			Bill		Iowa City	IA			100212612		Barnes	Alexander			Alexander	713 Indiana Ave 	Des Moines	IA	50314	2744	100212615		Funkmaster	Jimbob			Jimbob	713 Indiana Ave 	Des Moines	IA	50314	2744	100212626		Moore	Chuck			Chuck		Waterloo	IA			100212627		Moore	Barb			Barb		Waterloo	IA			100212609		Meier	Ryan			Ryan		Iowa City	IA	52242		100236991		Metzman	Helen			Helen		Clarksville	MD			100210607		Brinkhoff	Jon			Jon		Rockville	MD			brink55@comcast.net100210608		Arnold	Todd			Todd		Rockville	MD			rtoddarnold@aol.com100210609		Lotlo-Swagart	Kara			Kara		Rockville	MD			karaswagart@yahoo.com100210610		Meyers	Laura			Laura		Rockville	MD			grapejelly@verizon.net100210611		Udovich	Patricia			Patricia		Rockville	MD			udomom@verizon.net100210612		Fletcher	Madelaine			Madelaine		Riverdale	MD			madelaine.fletcher@aphis.usda.gov100210613		Olagbegi	Ola			Ola		Riverdale	MD			olamiju@yahoo.com100210614		Russo	Nicole			Nicole		Riverdale	MD			Nicole.L.Russo@aphis.usda.gov100210615		Lopez	Sophie			Sophie		Riverdale	MD			slopez20737@gmail.com100210616		Francis	Julion			Julion		Riverdale	MD			Julion.e.francis@aphis.usda.gov100210617		Miller	Lori			Lori		Riverdale	MD			Lori.p.miller@aphis.usda.gov100210618		Taylor	Anastaza			Anastaza		Riverdale	MD			Anastazia.n.taylor@aphis.usda.gov100210619		Welch	Eileen			Eileen		Riverdale	MD			elwelch@hotmail.com100210620		Booth	Mike			Mike		Riverdale	MD			mike.reporter@gmail.com100210621		Morris	Terry			Terry		Riverdale	MD			terry.a.morris@aphis.usda.gov100210622		Hyten	Aimee			Aimee		Riverdale	MD			aimee.m.hyten@hotmail.com100210623		Klocek	Chris			Chris		Riverdale	MD			chris.klocek@gmail.com100210625		Stahl	Cindy			Cindy		Riverdale	MD			cynthia.l.stahl@aphis.usda.gov100210626		Muruvanda	Devaiali			Devaiali		Riverdale	MD			devaiali.a.muruvanda@aphis.usda.gov100210627		Gadh	Paul			Paul		Riverdale	MD			paul.gadh@gmail.com100210628		Hernandez	Jose			Jose		Riverdale	MD			jorahern@gmail.com100210629		Bacon	Connie			Connie		Riverdale	MD			connie.l.bacon@aphis.usda.gov100210630		Chou	Fan-Li			Fan-Li		Riverdale	MD			fanlichou@gmail.com100210631		Sosa	Evelia			Evelia		Riverdale	MD			eveliasosa@exate.com100210632		Toran	Linda			Linda		Riverdale	MD			Linda.Toran@aphis.usda.gov100210634		Phillips	Shawn			Shawn		Riverdale	MD			shawn.m.phillips@aphis.usda.gov100210635		Perez	Carleen			Carleen		Riverdale	MD			carleen.r.perez@aphis.usda.gov100210636		Coursey	Jerry			Jerry		Riverdale	MD			coursejerr@yahoo.com100210637		Komsa	Ron			Ron		Riverdale	MD			ronald.komsa@aphis.usda.gov100210638		Thompson	David			David		Riverdale	MD			david.b.thompson@aphis.usda.gov100210639		Sickles	Laura			Laura		Riverdale	MD			laura.a.sickles@aphis.usda.gov100210640		Harrison	Linda			Linda		Riverdale	MD			Linda.harrison@aphis.usda.gov100210641		Griffith	Carol			Carol		Riverdale	MD			carol.a.griffith@aphis.usda.gov100210642		Halverstadt	Karen			Karen		Rockville	MD			Karen_L_Halverstadt@mcpsmd.org100210644		Hall	Rosa			Rosa		Rockville	MD			elenabart@yahoo.com100210645		Jasperse	Catherine			Catherine		Rockville	MD			Catherine_A._Jasperse@mcpsmd.org100210646		Cyr	Janet			Janet		Rockville	MD			cyrjcyrj@yahoo.com100210647		Finn	Shannon			Shannon		Rockville	MD			shanfinn@gmail.com100210648		Anderson	Colleen			Colleen		Rockville	MD			soleillune@verizon.net100210649		Goodman	Meg			Meg		Rockville	MD			meg@presidential.com100210651		Loebach	Pam			Pam		Rockville	MD			pkloebach@verizon.net100210652		Parks	Elaine			Elaine		Rockville	MD			elaparks@verizon.net100210653		Golan	Orit			Orit		Rockville	MD	20853		ojmoves@gmail.com100210654		Bunes	Heidi			Heidi	7021 Kenleigh Rd 	Baltimore	MD	21212	1904	heidibunes@comcast.net100210656		South	Tony			Tony	311 Stevenson Ln 	Towson	MD	21204	7725	tasouth@verizon.net100210657		South	Anne			Anne	311 Stevenson Ln 	Towson	MD	21204	7725	tasouth@verizon.net100210659		Hartstein	Chris			Chris	526 Murdock Rd 	Baltimore	MD	21212	2020	hartstein@comcast.net100210660		Ramsay	John			John	6009 Lake Manor Dr 	Baltimore	MD	21210	1018	jbramsay111@msn.com100210661		Beares	Paul			Paul		Batlimore	MD			spbeares@verizon.net100210663		Turbyville	Linda			Linda	227 E 4th St 	Frederick	MD	21701	5260	lturbo@aol.com100210664		Bullen	Donna			Donna	8514 Gradien Dr 	Baltimore	MD	21236	3004	donnabullen@hotmail.com100210665		Stipe	Jim			Jim		Baltimore	MD			jim_stipe@yahoo.comm100210667		McCloskey	Lisa			Lisa		Kensington	MD			lisaarooney@yahoo.com100210668		Quinn	Amy			Amy		Kensington	MD			amy_quinn@verizon.net100210669		Conkey	Maureen			Maureen		Kensington	MD			moconkey@yahoo.com100210670		Sufi	Awis			Awis		Kensington	MD			sufi10@yahoo.com100210671		O'Connell	Sasha			Sasha		Kensington	MD			sasha.oconnell@gmail.com100210672		Deichman	Lauren			Lauren		Kensington	MD			ldeichman@verizon.net100210673		Sheeline	Lili			Lili	20 Chevy Chase Cir NW 	Washington	DC	20015	2979	lili.sheeline@lnf.com100212007		Connolly	Jim			Jim		Washington	DC			james.connolly@longandfoster.com100212008		Colwell	Marty			Marty	3405 Monticello Ave 	Waterloo	IA	50701	4616	colwelm@q.com100212009		Rudolph	Ba			Ba		Silver Spring	MD			barudolph@aol.com100212010		Farrell	Deirdre			Deirdre	609 Forest Glen Rd 	Silver Spring	MD	20901	2209	defarrell@gmail.com100212011		Tinoco	Anne			Anne	909 Rambling Dr 	Catonsville	MD	21228	5315	tinoco_anne@hotmail.com100212012		Nesbitt	Tom			Tom	1230 28th St NW 	Washington	DC	20007	3355	tncsbittdc@gmail.com100212013		McAllister	Ryan			Ryan		Takoma Park	MD			ryan@notjustskin.org100212014		Kiechel	Doane			Doane	4005 Garrison St NW 	Washington	DC	20016	4221	dfkiechel@aol.com100212015		Hartsfield	Susan			Susan	226 Old Mill 	Annapolis	MD	21409		susanhartsfield@msn.com100212017		Shekhtman	Alex			Alex	5444 27th St NW 	Washington	DC	20015	1236	biua@aadesignbuild.com100212018		Shekhtman	Albiua			Albiua	5444 27th St NW 	Washington	DC	20015	1236	biua@aadesignbuild.com100212019		Taylor	Erin			Erin	9223 Long Branch Pkwy 	Silver Spring	MD	20901	3642	enmtaylor@gmail.com100212021		Klein	Libby			Libby		Washington	DC			libbyklein@gmail.com100212022		Espinoza	Joaquin			Joaquin		Washington	DC			joaquinoespinoza@gmail.com100212023		Remtulla	Rahim			Rahim	11429 Encore Dr 	Silver Spring	MD	20901	5044	vasilmd@gmail.com100212024		Remtulla	Michaela			Michaela	11429 Encore Dr 	Silver Spring	MD	20901	5044	vasilmd@gmail.com100212025		Chowning	Cara			Cara		Indianola	IA	50125		cara.chowning@simpson.edu100212026		Townsend	Emily			Emily		Takoma Park	MD			listemily@eml.cc100212027		Taylor	Mark			Mark	PO Box 7731 	Gaithersburg	MD	20898	7731	n3tel@comcast.net100212029		Daneshpour	Fatemeh			Fatemeh	3304 Fallsgrove 	Rockville	MD	20850		fdaneshpou@gmail.com100212030		Feldman	Anne			Anne	11227 Welland St 	North Potomac	MD	20878	4850	loofel@comcast.net100212031		Pilcaloua	Laura			Laura	14207 Reed Farm Way 	North Potomac	MD	20878	3807	myloriele@yahoo.com100212033		Greenberg	Paula			Paula	102 Fallsgrove Blvd 	Rockville	MD	20850	4713	greenberg47@hotmail.com100212035		Konner	Jan	M		Jan	5106 Keokuk St 	Bethesda	MD	20816	3011	Konners4@yahoo.com100212037		Weightman	Leslie	L		Leslie	702 Turtle Pond Ln 	Gaithersburg	MD	20878	3222	lesliehomes@verizon.net100212038		Weightman	Jim			Jim	702 Turtle Pond Ln 	Gaithersburg	MD	20878	3222	Jim.Weightman@gmail.com100212039		Coopersmith	Jenni	Bet		Jenni	18808 Chandlee Mill Rd 	Sandy Spring	MD	20860	1512	jestava@yahoo.com100212040		Grant	Bonnie			Bonnie		Rockville	MD			Bonniegrant3@gmail.com100212043		Smith	Elizabeth			Elizabeth	5404 Trent St 	Chevy Chase	MD	20815	5514	Elizabethrsmith@msn.com100212044		Gadel	Cara			Cara	609 Forest Glen Rd 	Silver Spring	MD	20901	2209	cgadel@me.com100212045		Phillips	Ginny			Ginny	6557 Broad St 	Bethesda	MD	20816	2605	Ginnykron@yahoo.com100212046		Daniel	Kathy			Kathy	110 Valley Rd 	Bethesda	MD	20816	2634	Kathy.daniel@dot.gov100212047		Ainslie	Peter			Peter	7401 Westlake Ter 	Bethesda	MD	20817	6534	ainslie4@verizon.net100212048		Jackson	Susan			Susan	6031 Ridge Dr 	Bethesda	MD	20816	2645	sukajack@aol.com100212049		Littell	Julie	Paris		Julie	6622 Broad St 	Bethesda	MD	20816	2604	jplittell@comcast.net100212050		Glassie	Jeff			Jeff	6622 Broad St 	Bethesda	MD	20816	2604	jeffglassie@comcast.net100212051		Siddisu	Ghina			Ghina	7831 Archbold Ter 	Cabin John	MD	20818	1105	gsiddisui@gmail.com100212052		Rosenthal	Lore			Lore		Columbia	MD			lore@simplicity-matters.org100212053		Bents	Gregg			Gregg	4911 Rocky Spring Ln 	Bowie	MD	20715	1028	gbents@verizon.net100212054		Bents	Mary Ann			Mary Ann	4911 Rocky Spring Ln 	Bowie	MD	20715	1028	mabents@verizon.net100212055		Smith	Ralph			Ralph	8315 Woodhaven Blvd 	Bethesda	MD	20817	3131	yesralph@yahoo.com100212057		Gerber-Salins	Janet			Janet	2444 Parallel Ln 	Silver Spring	MD	20904	5451	gerbsal@comcast.net100212058		Gerber-Salins	Heidi			Heidi	2444 Parallel Ln 	Silver Spring	MD	20904	5451	ruffmix@aol.com100212059		Faustini	Carlo			Carlo	4505 Dustin Rd 	Burtonsville	MD	20866	1026	carlo@faustini.com100212060		Jasperse	Ca			Ca		Rockville	MD			catherine.a.jasperse@mcps.org100212061		Garthe	Laurence			Laurence		Burtonsville	MD			hzk.lzg@comcast.net100212062		Keane	Pat			Pat	4621 Dustin Rd 	Burtonsville	MD	20866	1028	jbkean00@verizon.net100212063		Putman	Jim			Jim	4617 Dustin Rd 	Burtonsville	MD	20866	1028	jputman101@yahoo.com100212064		Putman	Lori			Lori	4617 Dustin Rd 	Burtonsville	MD	20866	1028	jputman101@yahoo.com100212065		Hughes	Susan	Ingram		Susan	16321 Dustin Ct 	Burtonsville	MD	20866	1007	hughesjj@aol.com100212066		Hughes	Jim			Jim	16321 Dustin Ct 	Burtonsville	MD	20866	1007	hughesjj@aol.com100212067		Chamberlin	Don			Don	4624 Dustin Rd 	Burtonsville	MD	20866	1029	vvchamb@verizon.net100212068		Chamberlin	Val			Val	4624 Dustin Rd 	Burtonsville	MD	20866	1029	vvchamb@verizon.net100212069		Martin	Pat			Pat	4304 Dustin Rd 	Burtonsville	MD	20866	1023	pat_martin_1@hotmail.com100212070		Dreifuss	Shelley			Shelley		Burtonsville	MD			shelldr@aol.com100212071		Brown	Cleave			Cleave	4408 Dustin Rd 	Burtonsville	MD	20866	1025	acbrownvmd@verizon.net100212072		Finan	Edward (Joe)			Edward (Joe)	9224 Long Branch Pkwy 	Silver Spring	MD	20901	3641	ejfinan@hotmail.com100212073		Scherr	Adam			Adam		Gaithersburg	MD			aakscherr@yahoo.com100212074		Avellegra	Francesca			Francesca	9225 Long Branch Pkwy 	Silver Spring	MD	20901	3642	liebavel@yahoo.com100212075		Kustin	Mary Ellen			Mary Ellen	6211 60th Pl 	Riverdale	MD	20737	2127	kustinm@nwf.org100212077		Krieg	Marcy			Marcy	11617 Everglade Ct 	North Potomac	MD	20878	2590	marcy.krieg@marriott.com100212079		Futerman	Sharona			Sharona	300 Prettyman Dr 	Rockville	MD	20850	4728	sharonahomes@aol.com100212080		Libertelli	Joe			Joe		Rockville	MD			jfl@udc.edu100212081		Eisendrath	Susan	E		Susan	9 Manorvale Ct 	Rockville	MD	20853	2517	susan.eisendrath@gmail.com100212082		Rome	Vikki			Vikki	5820 Magic Mountain Dr 	Rockville	MD	20852	3231	vikkiro@aol.com100212083		Booz	Zachary			Zachary	395 W Side Dr 	Gaithersburg	MD	20878	3009	zcbooz@gmail.com100212084		Muszynski	Heather			Heather	411 Tulip Ave 	Takoma Park	MD	20912	4342	hmaxwellmuz@gmail.com100212085		McCaffrey	Paul			Paul	16209 Dustin Ct 	Burtonsville	MD	20866	1005	kiltpaul@yahoo.com100212086		Hathway	David			David	5619 Madison St 	Bethesda	MD	20817	3727	David.Hathway@starpower.net100212087		Kennedy	Mike			Mike		Bethesda	MD			hvgcoop@gmail.com100212089		McHugh	Cyndi			Cyndi	16117 Howard 	Gaithersburg	MD			cyndimchugh@comcast.net100212090		West	Donna			Donna		Riverdale	MD			donna.l.west@aphis.usda.gov100212091		Shah	Mahendra			Mahendra	614 Pheasant St 	Gaithersburg	MD	20878	3201	shahmj@msn.com100212094		Mulligan	Allan			Allan		Burtonsville	MD			amulligan1007@hotmail.com100212095		Mulligan	Helene			Helene		Burtonsville	MD			amulligan1007@aol.com100212096		Datt	Neeta			Neeta	15204 Birmingham Dr 	Burtonsville	MD	20866	2203	neetadatt@yahoo.com100212097		Datt	(Mr.)			(Mr.)	15204 Birmingham Dr 	Burtonsville	MD	20866	2203	neetadatt@yahoo.com100212101		Stackman	Garrett			Garrett	9321 Georgia Ave 	Silver Spring	MD	20910	1729	gstackman@greenavise.com100212102		Hartnett	Doug			Doug		Chevy Chase	MD			dhartnett@rcn.com100212104		Katz	Linda	Kay		Linda	1424 Highland Dr 	Silver Spring	MD	20910	1524	linda@love-your-planet.com100212105		Katz	Hershel			Hershel	1424 Highland Dr 	Silver Spring	MD	20910	1524	linda@love-your-planet.com100212106		Cox	Judy			Judy	1427 Highland Dr 	Silver Spring	MD	20910	1525	jcox@jcoxdesign.com100212107		Johnson	Katie			Katie	3314 Emory Church Rd 	Olney	MD	20832	2612	evernor@ecrcontractors.com100212108		Hayes	Ivette			Ivette	5618 Madison St 	Bethesda	MD	20817	3728	irhayes@yahoo.com100212109		Weber	Carolyn			Carolyn	1428 Highland Dr 	Silver Spring	MD	20910	1524	chweber102@gmail.com100212110		Conbere	Susan			Susan	8728 1st Ave 	Silver Spring	MD	20910	3552	gene@energypenguin.com100212111		Liskov	Adele			Adele	2022 Derby Ridge Ln 	Silver Spring	MD	20910	2651	adeleliskov@gmail.com100212112		Boyd	Stanley	B		Stanley	223 Finale Ter 	Silver Spring	MD	20901	5039	sbb223@yahoo.com100212116		Krylov	Irina			Irina	9504 Watts Branch Dr 	Rockville	MD	20850	3752	Irina_Krylov@yahoo.com100212117		Suissa	Eric			Eric		Gaithersburg	MD			esuissa26@yahoo.com100212118		Knopman	Rich			Rich	5617 Madison St 	Bethesda	MD	20817	3727	rg1@rawds.com100212119		Bruce	Marney	S		Marney	4541 Windsor Ln 	Bethesda	MD	20814	4724	marneyb@earthlink.net100212120		Middleton	John			John	4541 Windsor Ln 	Bethesda	MD	20814	4724	silverwingshg@netzero.com100212121		Seibert	Karen			Karen		Chevy Chase	MD			karen@seibertgroup.com100212123		Akst	Elaine			Elaine	4609 Norwood Dr 	Chevy Chase	MD	20815	5348	elpsaa@yahoo.com100212124		Roczynski	Peter			Peter	6411 Offutt Rd 	Chevy Chase	MD	20815	5361	Peter@gregorlandscape.com100212125		Merenstein	Stacy			Stacy	5510 Surrey St 	Chevy Chase	MD	20815	5524	dougandstacy@gmail.com100212126		Hinkley	Annie			Annie	4608 Davidson Dr 	Chevy Chase	MD	20815	5336	anniemlhinkley@verizon.net100212127		Hartigan	Lisa			Lisa	4702 Hunt Ave 	Chevy Chase	MD	20815	5423	hartigan_lisa@hotmail.com100212129		Brown	Roberta	Kaesemeyer		Roberta	4801 Chevy Chase Blvd 	Chevy Chase	MD	20815	5339	diverbobbi@aol.com100212130		Antonelli	Erica	Ruth		Erica	4616 Derussey Pkwy 	Chevy Chase	MD	20815	5332	erica@sideporchproductions.com100212131		Soffel	Allison			Allison		Chevy Chase	MD			alsoffer@msn.com100212132		Sharf	Brent			Brent	11354 Baroque Rd 	Silver Spring	MD	20901	5016	bsharf@verizon.net100212134		Hillard	Rob			Rob	6421 Sunset Dr 	Frederick	MD	21702	2423	robh@rocktheearth.org100212136		Phillips	Katia			Katia		Chevy Chase	MD			krbphillips@verizon.net100212137		Phillips	Russell			Russell		Chevy Chase	MD			krbphillips@verizon.net100212138		Duffy	Gerry			Gerry	4616 Hunt Ave 	Chevy Chase	MD	20815	5425	duffydebs@hotmail.com100212139		Duffy	Debbie			Debbie	4616 Hunt Ave 	Chevy Chase	MD	20815	5425	duffydebs@hotmail.com100212140		Gwiazda	Henry	John		Henry	8030 Glendale Rd 	Chevy Chase	MD	20815	5901	hjgwiazda@yahoo.com100212141		Gwiazda	Suzanne			Suzanne	8030 Glendale Rd 	Chevy Chase	MD	20815	5901	arbbutler@verizon.net100212142		A	Terry			Terry	Morris 	Riverdale	MD			terry.a.morris@aphis.usda.gov100212145		Tadesse	Besufekad			Besufekad	2305 Farrington Ave Apt 302 	Alexandria	VA	22303	1539	besufekad.tadesse@gmail.com100212147		Fertig	Alana			Alana	2009 Harbour Gates Dr 	Annapolis	MD	21401	2148	bfertig@umces.edu100212148		Deamond	John			John	411 Tulip Ave 	Takoma Park	MD	20912	4342	jdeamond@gmail.com100212149		Braun	Julia			Julia		Takoma Park	MD			cliffrunner64@yahoo.com100212150		Shields	Eric			Eric		Burtonsville	MD			eshields7@hotmail.com100212151		Basoray	Trisha			Trisha		Burtonsville	MD			eshields7@hotmail.com100212152		Nichols	Scott			Scott	4208 Dustin Rd 	Burtonsville	MD	20866	1021	fscottnich@verizon.net100212153		Ganim	Nan			Nan	4208 Dustin Rd 	Burtonsville	MD	20866	1021	fscottnich@verizon.net100212154		Lieberman	Nora			Nora		Washington	DC			noralieberman@gmail.com100212155		Schoeberl	Barbara			Barbara	2449 Parallel Ln 	Silver Spring	MD	20904	5450	barbara.schoeberl@mac.com100212157		Waldo	Molly			Molly	2301 Starcrest Dr 	Silver Spring	MD	20904	5457	waldomolly@verizon.net100212158		Gabel	Dan			Dan	3332 Starcrest Dr 	Silver Spring	MD	20904		danielbgabel@gmail.com100212159		Hancock	Don			Don	2425 Parallel Ln 	Silver Spring	MD	20904	5450	dhancock@johnmarshallbank.com100212160		Espiossa	Eric			Eric	300 Prettyman Dr 	Rockville	MD	20850	4728	eric@drive2survive.org100212161		Besha	Kathleen			Kathleen	8031 Glendale Rd 	Chevy Chase	MD	20815	5902	besh@rcn.com100212162		Besha	Richard			Richard	8031 Glendale Rd 	Chevy Chase	MD	20815	5902	besh@rcn.com100212163		Shimitu-Larenas	Marietta			Marietta	4617 Chevy Chase Blvd 	Chevy Chase	MD	20815	5343	mshimitularenas@gmail.com100212164		Schaechter	Jaime			Jaime	621 Still Creek Ln 	Gaithersburg	MD	20878	3216	jschaechter@verizon.net100210650		Lee	Sylvia			Sylvia		Rockville	MD			sylvia.b.lee@hotmail.com100212165		Hersh	Mike			Mike	12008 Milton St 	Silver Spring	MD	20902	2205	mikehersh@mikehersh.com100212166		Kelleher	Karin	Ann		Karin	4540 Windsor Ln 	Bethesda	MD	20814	4725	karinkelleher@hotmail.com100212168		Byrnes	Malcolm			Malcolm		Kensington	MD	20891		wbyrnes@howard.edu100210643		Barnes	Sylvia			Sylvia		Rockville	MD			sylvia-m-barnes@mcps.org100212169		Gander	Sue			Sue	3710 Washington St 	Kensington	MD	20895	3443	gandorrien@mac.com100212170		Romero	Betty			Betty	5811 Magic Mountain Dr 	Rockville	MD	20852	3231	bettyromero@me.com100212172		Jackson	Joan			Joan		Chevy Chase	MD			artahoy@aol.com100212173		Obeid	George			George		Silver Spring	MD			obeid6@comcast.net100212174		Obeid	Simone			Simone		Silver Spring	MD			obeid6@comcast.net100212175		Rice	Rachael			Rachael	PO Box 8654 	Gaithersburg	MD	20898	8654	luv2create2010@gmail.com100212176		Shirk	Rob			Rob	302 Kingsley Ave 	Waterloo	IA	50701	2852	tshirk5553@mchsi.com100212177		Foster	Bryan			Bryan	2109 Rownd St 	Cedar Falls	IA	50613	5669	bfoster@cfu.net100212178		Foster	Patty			Patty	2109 Rownd St 	Cedar Falls	IA	50613	5669	bfoster@cfu.net100212180		Duncan	Lucy			Lucy	1066 Prospect Blvd 	Waterloo	IA	50701	4930	lucysringostar@hotmail.com100212183		Colwell	Pat			Pat	3405 Monticello Ave 	Waterloo	IA	50701	4616	colwelp@q.com100212186		Higgins	Dan			Dan	134 Heather Ave 	Evansdale	IA	50707	1359	nmko8487@aol.com100212187		Higgins	Nancy			Nancy	134 Heather Ave 	Evansdale	IA	50707	1359	nmko8487@aol.com100212188		Judas	Ben			Ben		Iowa City	IA			ben_judas@hotmail.com100212190		Judas	Kathryn			Kathryn		Iowa City	IA			kajudas@gmail.com100212191		Hoffman Jr.	Bill			Bill		Des Moines	IA	50321		cvinspector@yahoo.com100212192		Dunt	Mark			Mark	233 Maryhill Dr 	Cedar Falls	IA	50613	5726	mltdunt@cfu.net100212193		Dunt	Lori			Lori	233 Maryhill Dr 	Cedar Falls	IA	50613	5726	mltdunt@cfu.net100212194		Ohde	Heath			Heath	2108 W Bremer Ave 	Waverly	IA	50677	2031	heathohde@hotmail.com100212195		Reedy	Amanda			Amanda		Riverside	IA			amandarosereedy@hotmail.com100212196		Albertsen	Clint			Clint	639 Greene St 	Slater	IA	50244		cdalbertsen@gmail.com100212198		Reedy	Trent			Trent		Riverside	IA			mrreedy@hotmail.com100212201		Stier	Jan			Jan	2401 Mayfield Rd 	Iowa City	IA	52245	4817	jjstier@mchsi.com100212202		Stier	Jim			Jim	2401 Mayfield Rd 	Iowa City	IA	52245	4817	jjstier@mchsi.com100212204		Evans	Kim			Kim		Iowa City	IA	52242		kimevans@iowarealty.com100212209		Watkinson	Margie			Margie		Iowa City	IA	52245		margiewats@mediacombb.net100212212		Hanna	Lynn			Lynn	1418 53rd St 	La Porte City	IA	50651	9628	ihannac@netins.net100212213		Hanna	Tina			Tina	3221 SE 19th Ct 	La Porte City	IA	50651		ihannac@netins.net100212217		Pettengill	Raymond			Raymond	12422 Carr Rd 	La Porte City	IA	50651	9468	rpettengill@live.com100212218		Pettengill	Polly			Polly	12423 Carr Rd 	La Porte City	IA	50651		rpettengill@live.com100212219		Shanklin	Jim			Jim		Robins	IA	52401		shanklinj@msn.com100212220		Prymek	Dianne			Dianne		Iowa City	IA	52242		motherdo27@yahoo.com100212221		Rogers	Dawn			Dawn		Iowa City	IA	52242		jrdr1213@juno.com100212223		Millsap	Robert			Robert		Iowa City	IA	52242		hawkeye2754@msn.com100212224		Millsap	Debbie			Debbie		Iowa City	IA	52242		deborah_millsap@uiowa.edu100212227		Mayberry	Tom			Tom		Iowa City	IA	52242		mayberrytom@mchsi.com100212229		Stokely	Margaret			Margaret		Iowa City	IA	52245		mas62126@mchsi.com100212234		Mallow	Jessica			Jessica		Cedar Rapids	IA	52328		jessicamallow@gmail.com100212237		Shanklin	Jennie			Jennie		Robins	IA	52401		shanklinjen@msn.com100212239		De Ruiter	Ed			Ed		Robins	IA	52401		reuiterman@yahoo.com100212240		Nguyen	Mimi			Mimi	4550 50th St 	Des Moines	IA	50310	2930	t.mimiguyen@gmail.com100212241		Wear	Alexander			Alexander	4550 50th St 	Des Moines	IA	50310	2930	t.mimiguyen@gmail.com100212242		Sneller	Mike			Mike		Iowa City	IA			mesneller@gmail.com100212243		Mullen	Kelli			Kelli	1135 Lantern Sq 	Waterloo	IA	50701	4764	kelli.mullen@gmail.com100212244		Colwell	Amy			Amy	3616 University Ave 	Des Moines	IA	50311	3647	ameliacolwell@gmail.com100212245		Craft	Mike			Mike	2616 Stange Rd 	Ames	IA	50010	7133	mcraft@iastate.edu100212246		Evans	Kilee			Kilee	8610 Crescent Chase 	Johnston	IA	50131	2222	kilee.evans@gmail.com100212247		Burbridge	Janet			Janet		Robins	IA	52401		JARBurbridge@fmtcs.com100212248		Burbridge	Jon			Jon		Robins	IA	52401		JARBurbridge@fmtcs.com100212249		Mallow	Rick			Rick		Robins	IA	52401		mallows@fmtcs.com100212250		Mallow	Deanna			Deanna		Robins	IA	52401		mallows@fmtcs.com100212251		Venjohn	Dave			Dave		Robins	IA	52401		david.venjohn@iwireless.com100212252		Venjohn	Kelli			Kelli		Robins	IA	52401		kellivenjohn@fmtcs.com100212253		Hunting	Jan			Jan		Robins	IA	52401		janhunting@fmtcs.com100212254		Hunting	Mike			Mike		Robins	IA	52401		mhunting@fmtcs.com100212255		Schulte	Stacie			Stacie	PO Box 252 	Keystone	IA	52249	252	stacies@netins.net100212256		Hennings	Mary Kay			Mary Kay	PO Box 83 	Keystone	IA	52249	83	intrkg@netins.net100212257		Hennings	Lance			Lance	PO Box 83 	Keystone	IA	52249	83	intrkg@netins.net100212258		Hennings	Lu Ann			Lu Ann	306 Tama St 	Dysart	IA	52224		luluhen@fctc.coop100212259		Kolder	Rod			Rod	306 Tama St 	Dysart	IA	52224		luluhen@fctc.coop100212260		Kriz	Brenda			Brenda	1202 Wilson St 	Dysart	IA	52224	9772	krizkbkw@fctc.coop100212261		Kriz	Kendall			Kendall	1202 Wilson St 	Dysart	IA	52224	9772	krizkbkw@fctc.coop100212262		Higgins	Andrew			Andrew		Cedar Falls	IA			andyryan@uni.edu100212263		Turner	David			David	701 N E St 	Indianola	IA	50125		david.turner@simpson.edu100212264		Edeker	Tacia			Tacia		North Liberty	IA			tacia-edeker@uiowa.edu100212265		Kapke	Brian			Brian		Iowa City	IA			briankapka@gmail.com100212266		Weideman	Charlie			Charlie	3951 Woodland Ave 	West Des Moines	IA	50266	1874	chuckwick15@yahoo.com100212267		Wilberg	Katie			Katie	3951 Woodland Ave 	West Des Moines	IA	50266	1874	kew1021@gmail.com100212268		Shirk	Tracey			Tracey	302 Kingsley Ave 	Waterloo	IA	50701	2852	trshirk619@mshsi.com100212269		Clark	Keith			Keith	866 Sunrise Blvd 	Waterloo	IA	50701	4950	fourcats@mchsi.com100212270		Clark	Susan			Susan	866 Sunrise Blvd 	Waterloo	IA	50701	4950	fourcats@mchsi.com100212271		Mitchell	Hilary			Hilary		Des Moines	IA	50311		hilarelisemitchel@gmail.com100212272		Karami	Karam			Karam		Coralville	IA			karamkarmi@hotmail.cpm100212273		Arnold	Drew			Drew		Iowa City	IA			drew.r.arnold@gmail.com100212274		Erpelding	Bruce			Bruce	414 3rd St 	Jesup	IA	50648	1137	erpelden@jtt.net100212275		Erpelding	Jan			Jan	414 3rd St 	Jesup	IA	50648	1137	erpelden@jtt.net100212276		Higgins	Jeff			Jeff	2493 Atlas Ave 	Shell Rock	IA	50670	9514	nsh.higgins@gmail.com100212277		Higgins	Nancy			Nancy	2493 Atlas Ave 	Shell Rock	IA	50670	9514	nsh.higgins@gmail.com100212278		Conover	Ashley			Ashley	3221 SE 19th Ct 	Ankeny	IA	50021	7108	ashmullen@hotmail.com100212279		Hynek	Liz			Liz		Iowa City	IA			lizheine921@hotmail.com100212280		Albertsen	Jamie			Jamie	638 Greene St 	Slater	IA	50244	9703	jamie.albertsen@yahoo.com100212281		Muys	Nina			Nina	9204 Long Branch Pkwy 	Silver Spring	MD	20901	3641	dutchiris@aol.com100212282		Allen	David			David	3003 Woodhome Ave 	Baltimore	MD	21234	7807	existonfile@gmail.com100212283		Allen	Josephine			Josephine	3003 Woodhome Ave 	Baltimore	MD	21234	7807	existonfile@gmail.com100212284		Church	Jim			Jim	764 Sonne Dr 	Annapolis	MD	21401	7101	patchurch@comcast.net100212285		Church	Pat			Pat	764 Sonne Dr 	Annapolis	MD	21401	7101	patchurch@comcast.net100212286		Taub	Cheryl	Nan		Cheryl	798 Sonne Dr 	Annapolis	MD	21401	7101	cheryltaub@comcast.net100212287		Taub	(Mr.)			(Mr.)	798 Sonne Dr 	Annapolis	MD	21401	7101	cheryltaub@comcast.net100212288		Newcomer	Tammy			Tammy	5431 Weywood Dr 	Reisterstown	MD	21136	4501	newcomer@umces.edu100212289		Corden	Susan			Susan	5810 Pimlico Rd 	Baltimore	MD	21209	4203	jcorden@jhml.edu100212291		O'Doherty	Brian			Brian	2114 E Lombard St 	Baltimore	MD	21231	2017	odohert1@umbc.edu100212292		Freeman	Doug			Doug		Annapolis	MD			bdre491140@aol.com100212293		Torreon	Barbara			Barbara	724 Crisfield Way 	Annapolis	MD	21401	4575	bstorreon@gmail.com100212294		Torreon	Ben	Eugene		Ben	724 Crisfield Way 	Annapolis	MD	21401	4575	betorreon@gmail.com100212295		Pion	Barbara			Barbara		Annapolis	MD			spion@aol.com100212296		Shafer	Chuck			Chuck	735 Sonne Dr 	Annapolis	MD	21401	7120	chuckshafer@comcast.net100212297		Shafer	Maria			Maria	735 Sonne Dr 	Annapolis	MD	21401	7120	chuckshafer@comcast.net100212298		Eden	Scott			Scott	2811 Deepwater Trl 	Edgewater	MD	21037	1218	scottygrow@yahoo.com100212299		Doherty	Jonathan	Locke		Jonathan	400 Hillsmere Dr 	Annapolis	MD	21403	4048	doherty44@verizon.net100212300		Donithan	Margo			Margo	126 Great Lake Dr 	Annapolis	MD	21403	3728	donithan@usna.edu100212301		Wurst	Mike			Mike	134 Great Lake Dr 	Annapolis	MD	21403	3728	mwurst@vt.edu100212303		Hays	Anne			Anne	913 Creek Dr 	Annapolis	MD	21403	2309	j.hays@comcast.net100212304		Shapiro	Lou			Lou	6 Westwick Ct 	Annapolis	MD	21403	1662	loushapiro@comcast.net100212305		Child	Jake			Jake		Takoma Park	MD			jakechild@gmail.com100212306		Best	Lindra			Lindra	1026 Timberar Dr 	Annapolis	MD	21403		lbest@cbmove.com100212307		Waters	Jane	Velie		Jane	124 Great Lake Dr 	Annapolis	MD	21403	3728	jane@waters.net100212308		Waters	Michael			Michael	124 Great Lake Dr 	Annapolis	MD	21403	3728	jane@waters.net100212309		Tucker	Ernie			Ernie	609 Tayman Dr 	Annapolis	MD	21403	3829	est4@aol.com100212310		Brennan	Rob			Rob	640 Frederick Rd 	Catonsville	MD	21228	4859	rbrennan@brennanarch.com100212311		Storms	Jillian			Jillian		Cantonsville	MD			jas8989@comcast.net100212312		Poirier	Myrna			Myrna	717 S Ann St 	Baltimore	MD	21231	3402	myrnapoirier@mac.com100212313		Weinberg	Gary			Gary		Columbia	MD			gweinberg@comcast.net100212314		Laporte	Leon			Leon	8715 Endless Ocean Way 	Columbia	MD	21045	5938	leonlaporte@verizon.net100212315		Laporte	Joanne			Joanne	8715 Endless Ocean Way 	Columbia	MD	21045	5938	leonlaporte@verizon.net100210658		Rouston	Joyce			Joyce	142 Marburth Ave 	Towson	MD	21286	1144	jroutson@verizon.net100212317		Conkwright	Bob			Bob	1312 Milldam Rd 	Towson	MD	21286	1431	rconk@comcast.net100212318		Conkwright	Terry			Terry	1312 Milldam Rd 	Towson	MD	21286	1431	rconk@comcast.net100212319		Turchin	Barbara			Barbara	3303 Shelburne Rd 	Pikesville	MD	21208	5626	barbrt128@gmail.com100212320		MacDonald	Kate			Kate	5009 Boxhill Ln 	Baltimore	MD	21210	2017	macfamilyfive@gmail.com100212321		Gerristen	Jeroen			Jeroen	3607 Glen Ave 	Baltimore	MD	21215	3535	jingyee.jeroen@gmail.com100212322		Kou	Jingyee			Jingyee	3607 Glen Ave 	Baltimore	MD	21215	3535	jingyee.jeroen@gmail.com100212323		Holler	Don			Don	1863 Alrideoa Ct 	Crofton	MD	21114		donholler@aol.com100212324		Shuron	Nicole			Nicole	5 Slate Mills Ct 	Gwynn Oak	MD			nsshuron@verizon.net100212325		Cole	Ryan			Ryan	1401 Veldor Pl 	Baltimore	MD	21211		letsrya@me.com100212326		Maitland	Nancy			Nancy	5001 Boxhill Ln 	Baltimore	MD	21210	2017	nmaitland@troeprice.com100212327		Thompson	Joan			Joan	5003 Blythewood Rd 	Baltimore	MD	21210	2015	jandemac@mac.com100212328		Thompson	Eric			Eric	5003 Blythewood Rd 	Baltimore	MD	21210	2015	jandemac@mac.com100212329		Willeboordse	Jane			Jane	138 Newburg Ave 	Catonsville	MD	21228	5111	willeboordse@verizon.net100212330		Lund	Eric			Eric	138 Newburg Ave 	Catonsville	MD	21228	5111	elund@bcps.org100212331		Moore	Jess			Jess	1760 Weston Ave 	Parkville	MD	21234	3722	jess.moore@inorbit.com100212332		Dillon	Dan			Dan	717 Highwood Dr 	Baltimore	MD	21212	2710	dillond@caryinstitute.org100212333		Dillon	Mary			Mary	717 Highwood Dr 	Baltimore	MD	21212	2710	dillond@caryinstitute.org100212334		Farrell	Katherine			Katherine	10225 Camelford Ct 	Ellicott City	MD	21042	5804	farrellkf@pol.net100212335		Jenkins	Lisa			Lisa	203 Fox Haven Ct 	Gwynn Oak	MD			nellison_69@hotmail.com100212336		Cook	Kim			Kim	39 Bon Oak Ct 	Reisterstown	MD	21136	1703	mskacook@yahoo.com100212337		Johnson	Michael			Michael	39 Bon Oak Ct 	Reisterstown	MD	21136	1703	johnson4@umbc.edu100212338		Kibbe	Sharon			Sharon	300 Wyndhurst Ave 	Baltimore	MD	21210	2409	sakibbe@peoplepc.com100212339		Kibbe	George			George	300 Wyndhurst Ave 	Baltimore	MD	21210	2409	sakibbe@peoplepc.com100212340		Wyllie-Brause	Mervelyn			Mervelyn		Annapolis	MD			mervforall@verizon.net100212341		Ross	Jen			Jen	1401 Union Ave 	Baltimore	MD	21211	1906	jen.hupfeld@gmail.com100212343		Spain	Janet	Margie		Janet	1244 Pine Hill Dr 	Annapolis	MD	21409	5214	janetspain@cablespeed.com100212344		Hopkins	Tricia			Tricia	8219 Elvaton Dr 	Pasadena	MD	21122	3903	triciahopkins@islands.org100212345		Greenblatt	David			David	102 S Ritters Ln 	Owings Mills	MD	21117	3316	davidaliza1@verizon.net100212346		Greenblatt	Aliza			Aliza	102 S Ritters Ln 	Owings Mills	MD	21117	3316	davidaliza1@verizon.net100212349		MacCubbin	Angela			Angela	7515 Kenlea Ave 	Nottingham	MD	21236	4321	amaccubbin1@verizon.net100212351		Johnson	Heather			Heather	2529 Canterbury Rd 	Parkville	MD	21234	7006	heatherj@bdschblind.org100212352		Brown	Karin			Karin	5846 Pimlico Rd 	Baltimore	MD	21209	4203	kebrown@baltimorecountymd.gov100212354		Berkow	Jane			Jane	2403 Brambleton Rd 	Baltimore	MD	21209	4323	janeberkow@aol.com100212355		Kennedy	John			John	2519 Canterbury Rd 	Parkville	MD	21234	7006	johnkennedy1169@hotmail.com100212356		Gillings	Dawn			Dawn	2519 Canterbury Rd 	Parkville	MD	21234	7006	ddkgill@gmail.com100212357		Lomicky	Elena			Elena	2520 Canterbury Rd 	Parkville	MD	21234	7007	elomicky@verizon.net100212359		Allen	Jesse			Jesse	1303 Burlington Dr 	Odenton	MD	21113	2104	jesse.allen@mac.com100212360		Vaughan	Rusty			Rusty	2393 Jostaberry Way 	Odenton	MD	21113	3718	RustyV@RVAssociates.net100212362		Dongarra	Rebecca			Rebecca		Cantonsville	MD			rebecca@dionysuskitchen.com100212363		Keczmerski	Dot			Dot		Columbia	MD			dkeczmerski16@verizon.net100212364		Keczmerski	John			John		Columbia	MD			dkeczmerski16@verizon.net100212365		Burchard	Bob			Bob	913 Rambling Dr 	Catonsville	MD	21228	5315	bobburchard@yahoo.com100212369		Carlson	Bob			Bob	924 Rambling Dr 	Catonsville	MD	21228	5316	rcconsulting@comcast.net100212370		Posner	Jon			Jon	910 Rambling Dr 	Catonsville	MD	21228	5316	mtbpozz@gmail.com100212372		French	Terry			Terry		Cantonsville	MD			jimfrench56@yahoo.com100212373		Beck	Tom			Tom	922 Rambling Dr 	Catonsville	MD	21228	5316	tbeck@qmmic.com100212374		Hine	Richard			Richard	914 Rambling Dr 	Catonsville	MD	21228	5316	djhine@aol.com100212375		Brachman	Karen			Karen		Annapolis	MD			tbsadministrator@comcast.net100212376		Mooney	Patrick			Patrick	903 Rambling Dr 	Catonsville	MD	21228	5315	pc.mooney@verizon.net100212377		Parkhurst	Maureen			Maureen	905 Rambling Dr 	Catonsville	MD	21228	5315	parkhurst@comcast.net100212378		Kaufman	Rebekah			Rebekah		Cantonsville	MD			mcrrk@comcast.net100212379		Noble	Brooks			Brooks	616 Wyndhurst Ave 	Baltimore	MD	21210	2411	bnobel@cbmore.com100212381		Conkwright	Elle			Elle	800 Southerly Rd 	Towson	MD	21286	8403	bdconk@gmail.com100212382		Allen	Carol			Carol	701 Stoneleigh Rd 	Baltimore	MD	21212	1648	carolall@verizon.net100210655		Allen	Tom			Tom	701 Stoneleigh Rd 	Baltimore	MD	21212	1648	carolall@verizon.net100212383		Newcomer	Joan			Joan	5431 Weywood Dr 	Reisterstown	MD	21136	4501	jnewcomer@mcdonogh.org100212384		Newcomer	Joe			Joe	5431 Weywood Dr 	Reisterstown	MD	21136	4501	jnewcomer@mcdonogh.org100212385		Wickes	Marge			Marge		Baltimore	MD			marge_wickes@yahoo.com100212386		Smith	Mike			Mike	2501 Canterbury Rd 	Parkville	MD	21234	7006	aldridge.michelle@yahoo.com100212387		Burt	Judy			Judy		Columbia	MD	21045		judyburt@gmail.com100212388		MacMillan	Jackie			Jackie	102 W 39th St 	Baltimore	MD	21210	3152	jmacmillan@baltimorecountymd.gov100212389		Ruggles	Rebecca	L		Rebecca	5008 Boxhill Ln 	Baltimore	MD	21210	2018	rebeccaruggles@verizon.net100212390		Salaam-Blyther	Tiaji			Tiaji	5920 Montgomery St 	Gwynn Oak	MD	21207	4841	padcaa@yahoo.com100212391		West	Mary			Mary		Annapolis	MD			marymwest4@gmail.com100212392		Friedman	Nick			Nick	1250 Francis Ave 	Halethorpe	MD	21227	3909	nrfriedmanster@gmail.com100212393		Krosnowski	Kurt			Kurt	1250 Francis Ave 	Halethorpe	MD	21227	3909	gamalon67@umbc.edu100212394		MacKay	Thomas			Thomas	1000 Hilltop Cir 	Baltimore	MD	21250	1	BicycleXC@gmail.com100212395		Garner	Sam			Sam	609 Forest Glen Rd 	Silver Spring	MD	20901	2209	samual.garner@gmail.com100212397	70592567	Schwartzman	Carl	Andrew		Carl	9086 Lambskin Ln 	Columbia	MD	21045	2939	massagebycarl@verizon.net100212398		Ridlington	Elizabeth			Elizabeth	1022 W 38th St 	Baltimore	MD	21211	1817	eridlington@yahoo.com100212399		Heavner	Brad			Brad	1022 W 38th St 	Baltimore	MD	21211	1817	eridlington@yahoo.com100212401		Siciliano	Jen			Jen	1701 Sanford Rd 	Silver Spring	MD	20902	3934	jensiciliano@gmail.com100212402		Wilson	Brian			Brian	6302 Boxwood Rd 	Baltimore	MD	21212	2409	brian.wilson017@gmail.com100212403		Blueskies	Angela			Angela	779 Hollow Rd 	Ellicott City	MD	21043	4717	bianca_blueskies@yahoo.com100212405		Carney	Liz			Liz	1017 W 38th St 	Baltimore	MD	21211	1818	lizboat@gmail.com100212406		Carney	Eric			Eric	1017 W 38th St 	Baltimore	MD	21211	1818	eric.carney@gmail.com100212407		White	Ruth			Ruth	8945 Footed Rdg 	Columbia	MD	21045	4235	ruth.folkfan@gmail.com100212408		Scott	Owen			Owen		Takoma Park	MD			edukated2002@yahoo.com100212409		Lamborn	Beckie			Beckie	PO Box 489 	Stevenson	MD	21153	489	blamborn@mcdonogh.org100212410		Miller	Dj			Dj	421 S Rolling Rd 	Catonsville	MD	21228	5721	millerdj@kennedykrieger.org100212411		Pilcher	Jerry			Jerry	Newburg Ave 	Cantonsville	MD	21228		pilchermd@verizon.net100212412		Alexander	John			John	115	Baltimore	MD	21093		jalexander@baltimorecountymd.gov100212413		Lanham	Lynn			Lynn	1440 Shore Rd 	Middle River	MD	21220	5446	sailor1814@comcast.net100212414		Smith	Jesse			Jesse	3400 Jefferson Ave 	Des Moines	IA	50310	4450	cowboyjesc@yahoo.com100212415		Rich	Michelle			Michelle	3400 Jefferson Ave 	Des Moines	IA	50310	4450	michizrich@yahoo.com100212416		Roberts	Kimberly			Kimberly		Indianola	IA	50125		kim.roberts@simpson.edu100212417		Burvee	Andy			Andy		Urbandale	IA			andy.burvee@gmail.com100212418		Wishman	Charlie			Charlie	1525 Thompson Ave 	Des Moines	IA	50316	1625	cjwishman@hotmail.com100212419		Wishman	Kate			Kate	1525 Thompson Ave 	Des Moines	IA	50316	1625	cjwishman@hotmail.com100212420		Kleinschmit	Mary			Mary		Clive	IA	50325		donjklein@mchsi.com100212421		Galles	Carrie			Carrie		Clive	IA	50325		carriegalles@hotmail.com100212422		Riess	Bev			Bev		Clive	IA	50325		beverlyriess@msn.com100212423		Riess	Bill			Bill		Clive	IA	50325		beverlyriess@msn.com100212424		Ward	Rhonda			Rhonda		Clive	IA	50325		rhondabward@hotmail.com100212425		Swanson	Laura			Laura		Clive	IA	50325		dlswanson@mchsi.com100212427		Remsburg	Kim			Kim	606 8th Ave 	Slater	IA	50244	9739	kim.remsburg@yahoo.com100212428		Falcone	Leslie			Leslie	4047 11st 	Des Moines	IA	50318		lesfal@gmail.com100212429		McDougal	Sarah			Sarah	1645 38th St 	Des Moines	IA	50310	4542	saymac123@aol.com100212430		K	Adam			Adam		Johnston	IA			adamk1114@gmail.com100212431		Kern	Michael			Michael	701 N E St 	Indianola	IA	50125		michael.kern@simpson.edu100212432		Lampe Zeitler	Carmen			Carmen	2815 Center St 	Des Moines	IA	50312	3717	carmenandjohn@aol.com100212433		Zeitler	John			John	2815 Center St 	Des Moines	IA	50312	3717	carmenandjohn@aol.com100212434		Kline	Robin			Robin	3815 Lincoln Place Dr 	Des Moines	IA	50312	3015	robinlkline@msn.com100212435		Wright	Amy			Amy		Des Moines	IA			mysweetmango@gmail.com100212436		Metcalf	Alex			Alex		Iowa City	IA			alexlookitsalex@yahoo.com100212437		George	Sue			Sue		Clive	IA	50325		smgeorge@dwx.com100212438		Bryan	Katie			Katie		Des Moines	IA			kbryanis@yahoo.com100212440		Casey	Mary Kay			Mary Kay	2410 Kenway Dr 	Des Moines	IA	50310	3423	mkksee@msn.com100212441		Broich	Rachel			Rachel		Johnston	IA			rachel.broich@yahoo.com100212442		Brubaker	Mary			Mary	44th St 	Des Moines	IA	50312		marybrubaker@aol.com100212444		Godar	Ben			Ben	4227 Northwest Dr 	Des Moines	IA	50310	3308	nheimangodar@hotmail.com100212443		Godar	Naura			Naura	4227 Northwest Dr 	Des Moines	IA	50310	3308	wheimangodar@hotmail.com100212446		Robbins	Loren			Loren		Iowa City	IA			lrobbins_23@live.com100212447		Seyer	Brandon			Brandon		Johnston	IA			brandon.seyer@gmail.com100212449		Mason	Adam			Adam		Des Moines	IA			awmason@hotmail.com100212450		McMillin	Tim			Tim	600 S N St 	Indianola	IA	50125	3029	tim.mcmillin@simpson.edu100212451		Covington	Mathew			Mathew		Des Moines	IA	50311		matthew.covington@gmail.com100212452		Christian	Gina			Gina		Clive	IA	50325		ginadchristian@msn.com100212453		Whelan	Lisa			Lisa		Des Moines	IA	50311		lisawhelan@lycos.com100212454		Belden	Jared			Jared	14570 NW 128th St 	Madrid	IA	50156	7441	jared.belden@gmail.com100212455		Pirie	Nathan			Nathan		Johnston	IA			nathanpirie@gmail.com100212456		Bengtson	Luke D.			Luke D.		Johnston	IA			belu0601@stcloudstate.edu100212457		Jones	Candace			Candace		Des Moines	IA	50321		jonescandy7@hotmail.com100212459		Culver	Greg			Greg		Des Moines	IA			greg.culver@hotmail.com100212460		Culver	Megan			Megan		Des Moines	IA			meganculver@yahoo.com100212461		Stier	Jeff			Jeff	13830 Lakeview Dr 	Clive	IA	50325	8760	stier13@aol.com100212462		Stier	Mary			Mary	13830 Lakeview Dr 	Clive	IA	50325	8760	marystier@gmail.com100212463		Brayton	Sara			Sara		Clive	IA			sbrayton@us.ibm.com100212465		Bierbaum	Aran			Aran	4116 NE Hillcrest Ct 	Ankeny	IA	50021	4924	aranbeirbaum@gmail.com100212466		Boersma	Jaime			Jaime		Clive	IA	50325		jeboersma@mchsi.com100212468		Monson	Nate			Nate	7605 Buckingham Sq 	Urbandale	IA	50322	4639	nate@iowasafeschool.org100212469		Glynn	Gabriel			Gabriel	1030 NE Hyacinth Ln 	Ankeny	IA	50021	9291	g.gynn@iowaAps.com100212470		Ewing	Austin			Austin	600 S N St 	Indianola	IA	50125	3029	aiewing@yahoo.com100212471		Bindey	Sarah			Sarah	8385 Plum Dr 	Urbandale	IA	50322	7300	volleycoach89@yahoo.com100212472		Bindey	Stephanie			Stephanie	8385 Plum Dr 	Urbandale	IA	50322	7300	volleycoach89@yahoo.com100212473		Owens	Mark			Mark		West Des Moines	IA	50265		mark_owens1234@msn.com100212474		Ray	Joyce			Joyce		Des Moines	IA	50321		joyceray@mchsi.com100212475		Sobek	Brooke			Brooke		West Des Moines	IA	50265		bsobek36@gmail.com100212476		Heddendorf	Ellen			Ellen		Iowa City	IA			ellen-heddendorf@uiowa.edu100212477		Andrade	Armando			Armando	701 N E St 	Indianola	IA	50125		armando.cornejo@simpson.edu100212478		Hoss	Sue			Sue		Des Moines	IA	50321		suechef_2@yahoo.com100212479		Pan	Na			Na	3650 Woodland Ave 	West Des Moines	IA	50266	1970	panyixin77@hotmail.com100212480		Espeland	Frankie			Frankie		Des Moines	IA	50311		freakiefrankie1@gmail.com100212481		Anderson	Zach			Zach	2418 Drake Park Ave 	Des Moines	IA	50311	4213	zach.anderson@usa.net100212482		Kohles	Aj			Aj	8610 Crescent Chase 	Johnston	IA	50131	2222	AJ.Kohles@coldwellbankermag.com100212484		Smith	Becca			Becca	2418 Drake Park Ave 	Des Moines	IA	50311	4213	rhsmith@iastate.edu100212485		Westrum	Jacob			Jacob	2418 Drake Park Ave 	Des Moines	IA	50311	4213	yakypo@gmail.com100212486		Martel	Rich			Rich	2914 Center St 	Des Moines	IA	50321		richnjill@q.com100212487		Nesbit	Mary			Mary		Des Moines	IA	50311		mary.nesbit@drake.edu100212488		Reed	Mike			Mike	492 NW 70th Pl 	Ankeny	IA	50023	9536	micheal_k_reed@hotmail.com100212489		Ericson	Alyssa			Alyssa		Des Moines	IA	50321		alyssaericson@gmail.com100212490		Leuwerke	Wade			Wade		Indianola	IA	50125		wleuwerke@yahoo.com100212491		Leuwerke	Lesley			Lesley		Indianola	IA	50125		laleuwerke@yahoo.com100212492		Shultz	Mark			Mark	3127 SW Arlan Ln 	Ankeny	IA	50023	6826	plsys@yahoo.com100212493		Wittstruck	Naomi Sea Young			Naomi Sea Young	2301 Rittenhouse St 	Des Moines	IA	50321	3101	nsy.wittstruck@iaumc.org100212494		Beck	Ryan			Ryan	1530 45th St 	Des Moines	IA	50311	2423	yellowtracycat@yahoo.com100212495		Beck	Tracy			Tracy	1530 45th St 	Des Moines	IA	50311	2423	yellowtracycat@yahoo.com100212496		Mohrfeld	Robin			Robin		Iowa City	IA	52242		robin-mohrfeld@uiowa.edu100212497		Smith	Ken			Ken		Clive	IA	50325		ken.smith1@mchsi.com100212498		Smith	Mary Jo			Mary Jo		Clive	IA	50325		mj.smith1@mchsi.com100212499		Olhoff	Matt			Matt		Iowa City	IA			mohloff@gmail.com100212500		Goodner	David			David	713 Indiana Ave 	Des Moines	IA	50314	2744	david.a.goodner@gmail.com100212501		Frampton	Nick			Nick	208 N Sumner Ave 	Creston	IA	50801	2020	nicholas.frampton@gmail.com100212503		Kaiser	Lorie			Lorie	PO Box 186 	Keystone	IA	52249	186	ladyj@natins.net100212504		Kaiser	Mike			Mike	PO Box 186 	Keystone	IA	52249	186	ladyj@netins.net100212505		Scott	Heidi			Heidi		Indianola	IA	50125		heidi.scott@simpson.edu100212506		Miller	Noah			Noah	4148 NE Mcdougall Lane 	Ankeny	IA	50021		ndallas@hotmail.com100212507		Steward	Brian			Brian		Indianola	IA	50125		bsteward@netins.net100212508		Ryder	Cheryl			Cheryl		Iowa City	IA			cheryl-ryder@uiowa.edu100212509		Liske	Kyle			Kyle		Des Moines	IA	50311		kyle.liske@drake.edu100212510		Hohneke	Sam			Sam		Indianola	IA	50125		shohneke@gmail.com100212512		Mueller	Brittany			Brittany	800 N 7th St 	Bellevue	IA	52031	9321	bmueller225@gmail.com100212513		Mueller	Pat			Pat	800 N 7th St 	Bellevue	IA	52031	9321	plmueller@ibisci.com100212515		Iosbaker	Scott			Scott		Bellevue	IA	52031		scott.iosbaker@loras.com100212517		Iosbaker	Chris			Chris		Bellevue	IA	52031		chris.iosbaker@bellevue.k12.ia.us100212518		Mueller	Carolyn			Carolyn		Bellevue	IA	52031		ccmueller01@gmail.com100212520		Feller	Kate			Kate	1 S Paradise Ave 	Catonsville	MD	21228	3508	kfeller1@hws.edu100212521		Fuller	Tyler			Tyler	701 N E St 	Indianola	IA	50125		tyler.fuller@simpson.edu100212522		Brignole	Kathryn (Katy)			Kathryn (Katy)	909 S Conkling St 	Baltimore	MD	21224	5217	krbrignole@gmail.com100212523		Schultz	Ruth			Ruth		Des Moines	IA			rjschultz57@hotmail.com100212524		Gates-Young	Amy			Amy		Des Moines	IA	50321		adyoung1@juno.com100212525		Peters	Heather			Heather		Creston	IA	50801		heather.peters89@gmail.com100212526		Smith	Alec			Alec		Creston	IA	50801		alecryansmith@hotmail.com100212527		Smith	Allison			Allison		Creston	IA	50801		allisonnicolesmith@hotmail.com100212528		Ashdown	Clare			Clare		Creston	IA	50801		clare.la@gmail.com100212529		Pringle	Danielle			Danielle		Indianola	IA	50125		danielle.pringle@simpson.edu100212530		Hungerford	Eric			Eric		Mason City	IA	50401		caplata@yahoo.com100212531		Conover	Zach			Zach	3221 SE 19th Ct 	Ankeny	IA	50021	7108	z.conover@yahoo.com100212532		Gates-Young	Christopher			Christopher		Des Moines	IA	50321		tabcarterpi@gmail.com100212533		Hoakison	Caleb			Caleb	3108 SE 22nd St 	Ankeny	IA	50021	9592	choakison@hotmail.com100212534		Schumacher	Katy			Katy		Des Moines	IA	50311		ktyschmchr@hotmail.com100212535		Meier	Nate			Nate	3125 SW Prairie View Rd 	Ankeny	IA	50023	5430	natemeier8@msn.com100212536		Norman	Justin			Justin	2418 Drake Park Ave 	Des Moines	IA	50311	4213	justin@shriekingtree.com100212537		Burton	Andrew			Andrew	1944 Foxhall Rd 	Mclean	VA	22101	5535	abovab@gmail.com100212538		Brotherton	Meredith			Meredith	102 Fallsgrove Blvd 	Rockville	MD	20850	4713	tumbl4me@yahoo.com100212539		Mitchell	Cuett			Cuett	11942 Artery Dr 	Fairfax	VA	22030	6710	cumitchell@deloitte.com100212540		Barich	Tim			Tim		Creston	IA	50801		Tornadoe@sonic.net100212541		Balm	Kirk			Kirk	West Wind Apartments 	West Des Moines	IA	50265		kirk.balm@gmail.com100212542		Peters	Rachel			Rachel	4148 NE Mcdougall Lane 	Ankeny	IA	50021		rachael@hotmail.com100212544		Shelton	Paige			Paige		Indianola	IA	50125		paige.shelton@simpson.edu100212545		Kirby	Jacob			Jacob	701 N E St 	Indianola	IA	50125		jacob.kirby@simpson.edu100212546		Robson	Tracy			Tracy	713 Indiana Ave 	Des Moines	IA	50314	2744	tracy.robson@gmail.com100212549		Dennis	Bobby			Bobby	701 N E St 	Indianola	IA	50125		bobby.dennis@simpson.edu100212551		Kadlecik	John			John		Takoma Park	MD			kadlecik@aol.com100212552		Sullivan	Ray			Ray		Annapolis	MD			rsullivan229@hotmail.com100212553		Kroeger	Joe			Joe		Des Moines	IA	50311		thevoiceofiowa@gmail.com100212554		Swalwell	Will			Will	701 N E St 	Indianola	IA	50125		will.swalwell@simpson.edu100212555		Rice	Kevin			Kevin		Indianola	IA	50125		riceoroni198@yahoo.com100212556		Schares	Eric			Eric	126 Palmer Dr 	La Porte City	IA	50651	1003	eschares@gmail.com100212557		Schares	Stephanie			Stephanie	126 Palmer Dr 	La Porte City	IA	50651	1003	auroraroepke@gmail.com100212558		McGuire	Audrey			Audrey	785 Sonne Dr 	Annapolis	MD	21401	7120	akbaran33@gmail.com100212559		McGuire	Mike			Mike	785 Sonne Dr 	Annapolis	MD	21401	7120	akbaran33@gmail.com100212560		Knopman	Galina			Galina	5617 Madison St 	Bethesda	MD	20817	3727	galina@comskil.com100212563		Lesser	Kelly			Kelly		Washington	DC			kellylesser@gmail.com100212564		Hemphill	Benjamin			Benjamin		Takoma Park	MD			hemphill.benjamin@gmail.com100212565		Hemphill	Timothy			Timothy		Takoma Park	MD			hemphill.timothy@gmail.com100212567		Duesterhaus	Margo			Margo		Columbia	MD			margommd@gmail.com100212569		Martin	Ann			Ann	1194 Balt-Annap Blvd 	Arnold	MD	21012		girlscout@verizon.net100212570		Hayes	Heidi			Heidi	516 Maestro Ter 	Silver Spring	MD	20901	5034	Illescas@verizon.net100212571		Illescas	Ruben			Ruben	516 Maestro Ter 	Silver Spring	MD	20901	5034	Illescas@verizon.net100212574		Brett	Mike			Mike		Silver Spring	MD			shannonbrett@yahoo.com100212576		Gallart	Monita			Monita		Washington	DC			jogallarts@aol.com100212579		Abrams	L			L	16205 Dustin Ct 	Burtonsville	MD	20866	1005	labrams13@yahoo.com100212587		Kothari	Roshani			Roshani		Washington	DC			rkimages28@yahoo.com100212588		Sperling	Megan			Megan		Bethesda	MD			megansperling@verizon.net100212589		Decarlo	Jackie			Jackie		Bethesda	MD			jacq.decarlo@gmail.com100212593		Adelfio	Giulia			Giulia	4626 Hunt Ave 	Chevy Chase	MD	20815	5425	giuliaadelfio@hotmail.com100212595		Lumsden	Paul			Paul	744 Lake Varuna Mews 	Gaithersburg	MD	20878	3208	pmlumsden@aol.com100212597		Paris	Karen			Karen		Gaithersburg	MD			kparis10@gmail.com100212598		Herman	Shelby			Shelby		Gaithersburg	MD			artshelh@aol.com100212600		Wright	Fred			Fred	4007 63rd St 	Bethesda	MD	20816	2619	Fredwwright@yahoo.com100212601		Lawrence	Suzanne			Suzanne		Bethesda	MD			Suzlaw1@comcast.net100212602		Conkwright	Sarah			Sarah	1312 Milldam Rd 	Towson	MD	21286	1431	sarah.conk@gmail.com100212604		Heater	Michelle			Michelle		Des Moines	IA	50321		rmjheat@gmail.com100212605		Simmons	Sandra			Sandra		Des Moines	IA	50321		sandra_964@hotmail.com100212606		Ward	David			David		Indianola	IA	50125		david.ward@simpson.edu100212608		Stier	Emma			Emma		Clive	IA	50325		muckoutmystall@aol.com100212610		Myers	Tom			Tom		Iowa City	IA	52242		tominia@yahoo.com100212613		Espeland	Renee			Renee		Des Moines	IA	50311		purpleclothlydia@aol.com100212614		Boylan	Brianne			Brianne		Des Moines	IA	50311		brianneboylan@gmail.com100212616		Jensen	Jake			Jake		Iowa City	IA			jake.m.jensen@uiowa.edu100212617		Harder	Chris			Chris		Iowa City	IA			christopher-harder@uiowa.edu100212618		Carroll	Brad			Brad		Iowa City	IA			bradc05@yahoo.com100212619		Waldschmitt	Steve			Steve	1213 Parkway Ave 	Cedar Falls	IA	50613	2162	abbya@hotmail.com100212620		Waldschmitt	Abby			Abby	1213 Parkway Ave 	Cedar Falls	IA	50613	2162	abbya@hotmail.com100212621		Kurtz	Thea			Thea	245 Letsch Rd 	Waterloo	IA	50701	1748	theakurtz@gmail.com100212622		Kurtz	Ryan			Ryan	245 Letsch Rd 	Waterloo	IA	50701	1748	theakurtz@gmail.com100212623		Mullen	Bryan			Bryan	1135 Lantern Sq 	Waterloo	IA	50701	4764	bryanmullen01@gmail.com100212624		Stortz	Katie			Katie	1955 Heath St 	Waterloo	IA	50703	1257	storka01@luther.edu100212625		Williams	Carl			Carl		Des Moines	IA			crucijohixx@yahoo.com100212628		Colwell	Marcia			Marcia		Waterloo	IA	50701		marciacolwell@mchsi.com100210662		Ray	Kristen			Kristen	4290 Clydesdale Ave 	Baltimore	MD	21211	1514	kriray@gmail.com100212290		Jacobson	Ely			Ely	1623 Forest Dr 	Annapolis	MD	21403	1020	elyjacobsohn@gmail.com100212302		Hays	Jim			Jim	913 Creek Dr 	Annapolis	MD	21403	2309	james2@verizon.net100222501		Harrison	Shirley			Shirley	1037 Marlboro Rd 	Lothian	MD	20711	2408	harrison501@comcast.net100222651		Sanguia-Mamavi	Marie Claire			Marie Claire	11829 Old Columbia Pike 	Silver Spring	MD	20904	1927	msaniua@hotmail.com100222652		Katz	Mark			Mark						katz@mdhousing.org100222653		Ireland	Margueute			Margueute	1014 Jackson St 	Annapolis	MD	21403	2115	ireland@mdhousing.org100222654		Cloud	Phyllis			Phyllis	8324 Edgedale Rd 	Parkville	MD	21234	5012	cloud@mdhousing.org100222655		Hagan	E			E						hagan@mdhousing.org100222656		Wirth	Richard			Richard	328 Alameda Pkwy 	Arnold	MD	21012	1411	wirth@mdhousing.org100222657		Reed	D			D						reedd@mdhousing.org100222659		Callison	Ron			Ron						callison@mdhousing.org100223027		Aldridge	Peter			Peter		Rockville	MD			paldridge2003@yahoo.com100223031		Barish	Dale			Dale		Rockville	MD			dnbstuff@yahoo.com100223033		Chang	Cindy			Cindy	5464 B Randolph Rd 	Rockville	MD	20852		cindy@ecobeco.com100223035		Duzak	Amanda			Amanda		Silver Spring	MD			aduzak@cleancurrents.com100223040		Hughes	Megan			Megan		Rockville	MD			mamamoonbeam@yahoo.com100223050		Landenburger	Jon			Jon		Rockville	MD			landenburger@verizon.net100223054		Maton	Tyler			Tyler		Rockville	MD			tyler.maton@gmail.com100223056		Mora	Jorge			Jorge		Richmond	VA			jorgemoraus@gmail.com100223057		Pathik	Raman	K		Raman		Rockville	MD			rpathik@verizon.net100223059		Schultz	Eric			Eric		Rockville	MD			ericrobertschultz2@gmail.com100223060		Singer	Betsy			Betsy		Rockville	MD			elizabethsinger446@hotmail.com100223062		Solomon	David			David		Rockville	MD			batmansion@gmail.com100223065		Vermeiren	Eric			Eric		Rockville	MD			ericvermeiren@gmail.com100223068		Winkler	Herb			Herb		Rockville	MD			herb.winkler@gmail.com100223166		Carnahan	Austin			Austin		Takoma Park	MD			ac6404@gmail.com100223167		Hall	Kelly			Kelly		Richmond	VA			kellyhall88@gmail.com100223168		Lofton	Winston			Winston		Washington Dc				winston.lofton@thedcproject.com100223169		Ortuzar	Alyce			Alyce		Takoma Park	MD			farmparity@gmail.com100223170		Sherman	Mark			Mark		Takoma Park	MD			sherman549@yahoo.com100223171		Ousley	Chris			Chris		Takoma Park	MD			ousleycp@gmail.com100223172		Wiley	Brett			Brett		Takoma Park	MD			bwiley5@gmail.com100223173		Camp	Brian			Brian		Gambrills	MD	21054		surf_dude903@yahoo.com100223174		Dales	Meredith			Meredith						writtenbare@gmail.com100223175		Stallard	Steven			Steven		Davidsonville	MD	21035		steven.stallard@yahoo.com100223176		Wells	Annina			Annina	2101 Laurance Ct 	Crofton	MD	21114	2129	sunshineraincloud13@yahoo.com100223375		Litvimoviteh	Serguei			Serguei						litasosa@hotmail.com100223434		Stadel	Bruce			Bruce		Potomac	MD			bruce.v.stadel@verizon.net100223436		Bulman	Jeff			Jeff			MD			greatfood@ophrestaurants.com100223525		Vacca	David			David	490 M St SW Apt W108 	Washington	DC	20024	2636	david.vacca@gmail.com100223526		Schenel	Andrea			Andrea						ahschenk@gmail.com100223527		Holly	Harper			Harper						hollygion@gmail.com100223528		Clark	Jesse			Jesse						jesseclark@gmail.com100223532		Kelley	Peter			Peter	4811 Guilford Rd 	College Park	MD	20740	3735	peter@renewcom.com100223538		Weaff	Fred			Fred	6804 Pineway 	University Park	MD	20782	1157	mystical.plumber@comcast.net100223551		Stigler	Leah			Leah	1109 Kings Way Ct SW 	Vienna	VA	22180	6480	leah.stiegler@gmail.com100223682		Wheelock	Angelique			Angelique	1723 Logmill Ln 	Gaithersburg	MD	20879	3263	awheelock@thedonaldsongroup.com100216797		Greenberg	Michael	S		Michael	11909 Enid Dr 	Potomac	MD	20854	3457	michaelg1122@aol.com100212853		Luborsky-Wechsler	Penny	Hunn		Penny	7815 Custer Rd 	Bethesda	MD	20814	1345	pennyhlw@yahoo.com100213820		Perthel	Rosina	Hauser		Rosina	11803 Rosalinda Dr 	Potomac	MD	20854	3533	rperthel@hotmail.com100223721		Galloway	Sarah			Sarah	3741 Federal Ln 	Abingdon	MD	21009	2744	gallowaysj@me.com100223722		Setlow	Carsen			Carsen		Baltimore	MD	21209		csetlow@gmail.com100223723		Beavan	Kelly			Kelly	63 Ashlar Hill Ct 	Parkville	MD	21234	5942	kellybeavan@hotmail.com100223724		Lahner	Jenn			Jenn	3 Warren Lodge Ct # H2D 	Cockeysville	MD	21030	2519	nenner8762@hotmail.com100223725		Ray	Jennifer			Jennifer						hodoray@verizon.net100212028		Rickford	Eric			Eric	1919 Edgewater Pkwy 	Silver Spring	MD	20903	1207	erickford1@verizon.net100223780		Boger	Debbie			Debbie	8401 Mayfair Pl 	Silver Spring	MD	20910		debbie.boger@verizon.net100212550		Gaughan	Katy			Katy		Takoma Park	MD			katy@musicheals.us100213394		Keller	John	William		John	8504 Rosewood Dr 	Bethesda	MD	20814	1434	keller.johnw@gmail.com100214261		Craig	Warren	Edward		Warren	8136 Crabapple Ln 	Gaithersburg	MD	20879	5204	w.craig2@gmail.com100235882		Wallace	Sydney			Sydney		Ellicott City	MD	21042		sydney1289@gmail.com100235883		Wallace	Rose			Rose		Ellicott City	MD	21042		rosew2244@gmail.com100223177		Wittelsberger	Morgan			Morgan	1728 Spring Green Ave 	Crofton	MD	21114	2022	djmoganja@yahoo.com100236986		Lyons	Stewart			Stewart		Columbia	MD			stewlyons@aol.com100236987		Kovacs	Karen			Karen		Columbia	MD			kjkovacs@verizon.net100236990		De La Beanjardiere	Jeff			Jeff		Columbia	MD			jeff2006@verizon.net100236992		Metzman	Eric			Eric		Clarksville	MD			wharfratdawg@yahoo.com100236993		Gusten	Robert			Robert		Columbia	MD			robert.gusten@gmail.com